"seller_id","warehouse_id","myntra_sku_code","seller_sku_code","style_id","sku_id","brand","order_created_date","inscanned_on","fmpu_date","order_delivered_date","return_created_date","refunded_date","order_rto_date","is_refunded","exchange_id","order_id","order_group_id","order_line_id","seller_order_id","status","store_packet_id","seller_packet_id_fk","quantity","return_id","return_mode","return_reason","return_status","forward_tracking_number","return_tracking_number","master_bag_id","lmdo_last_modified_on","gatepass_id","gatepass_status","gatepass_type","gatepass_lastmodified"
"31995","50622","PEAXSARS117158413","PEEN- RUHI SILK- 702","36644569","117158413","PEENGAX","2025-10-02",,,,"1970-01-01",,"2025-10-03",,,"8726986347","5626514865","10726938414","7fa7697f-476c-43da-9714-3700d17ac07e","RTO","8726986347","1716936378","1",,,,,"MYEC1068183517",,,,,,,
"31995","50622","PEAXKASS112050464","PEEN-26003-L","34858673","112050464","PEENGAX","2025-10-03","2025-10-05",,,"1970-01-01",,"2025-10-07",,,"8730194483","5628430064","10730153007","0ffa57f9-65b7-4834-b85f-e854c5a12e70","RTO","8730194483","1718776294","1",,,,,"MYSC1216261039",,,"2025-10-13 18:40:10.000",,,,
"31995","50622","PEAXSARS117162945","RP- AQUA SILK- 523","36646506","117162945","PEENGAX","2025-09-23","2025-09-26",,"2025-10-02","2025-10-06","2025-10-08",,"1",,"8701286775","5611735344","10701217405","3e1fab44-3a49-4c5e-a58e-b3604b7edd50","Return","8701286775","1707783388","1","100087358768","OPEN_BOX_PICKUP","Received a poor quality product","DLS","MYEP1083900485","MYER1045634254",,"2025-10-15 13:09:30.000",,,,
"31995","50622","PEAXSARS113565561","PEEN- AJRAKH ELEGANCE- 1401","35448024","113565561","PEENGAX","2025-09-23","2025-09-25",,"2025-09-29","2025-10-02","2025-10-03",,"1",,"8702260384","5612278866","10702191447","1de01c0f-6630-4d2b-8cd4-a61534c9c841","Return","9776449565","1707783412","1","100085714684","OPEN_BOX_PICKUP","Received a poor quality product","DLS","MYEC1066512209","MYSR1158269235",,"2025-10-15 15:36:11.000",,,,
"31995","50622","PEAXSARS117162952","RP- VRUNDAVAN SILK- 471","36646513","117162952","PEENGAX","2025-10-06","2025-10-07",,,"1970-01-01",,"2025-10-08",,,"8738591536","5633296095","10738572940","d86194f1-6255-4e9c-9c80-1129ff1abc9c","RTO","8738591536","1721487238","1",,,,,"MYSP1304838701",,,"2025-10-17 14:21:02.000",,,,
"31995","50622","PEAXKASS112050466","PEEN-26003-XXL","34858673","112050466","PEENGAX","2025-10-03","2025-10-04",,"2025-10-06","2025-10-06","2025-10-07",,"1",,"8729230388","5627840003","10729186597","a5e705ac-bc4a-466a-8104-bc2c2528e431","Return","8729230388","1717835358","1","100087444873","OPEN_BOX_PICKUP","I did not like the fit","DLS","MYSP1302036666","MYSR1159553885",,"2025-10-15 15:36:11.000",,,,
"31995","50622","PEAXKASS112050462","PEEN-26003-S","34858673","112050462","PEENGAX","2025-10-09",,,,"1970-01-01",,"2025-10-09",,,"8744069016","5636924308","10744077453","a8357806-1f3c-407b-bcb9-5bc5cd0a37ab","RTO","8744069016","1722881378","1",,,,,"MYSC1218498029",,,,,,,
"31995","50622","PEAXSARS117158413","PEEN- RUHI SILK- 702","36644569","117158413","PEENGAX","2025-10-08","2025-10-11",,"2025-10-13","2025-10-13","2025-10-14",,"1",,"8742068071","5635610538","10742067714","ae215f00-9966-449c-bdc3-a151ce0587c6","Return","8742068071","1722180945","1","100090701465","OPEN_BOX_PICKUP","Color is different","DLS","MYSP1305374296","MYSR1161990276",,"2025-10-29 14:41:00.000",,,,
"31995","50622","PEAXKASS112050588","PEEN-23001-L","34858701","112050588","PEENGAX","2025-10-04","2025-10-07",,"2025-10-10","2025-10-11","2025-10-12",,"1",,"8733920929","5630667515","10733889637","d3d5677d-211c-4167-b003-daf0fa02bcf7","Return","8733920929","1720802437","1","100089689426","OPEN_BOX_PICKUP","Received a poor quality product","DLS","MYEC1068983705","MYSR1161236715",,"2025-10-29 14:41:00.000",,,,
"31995","50622","PEAXKASS112050543","PEEN-26002-XXL","34858690","112050543","PEENGAX","2025-10-07","2025-10-09",,"2025-10-12","2025-10-12","2025-10-12",,"1",,"8741278018","5635106953","10741273083","95a0950d-4dc7-4f9e-a9bd-cae27cdc42b7","Return","8741278018","1722180927","1","100090197590","OPEN_BOX_PICKUP","Size too small","DLS","MYEC1069362630","MYSR1161615318",,"2025-11-10 16:56:28.000",,,,
"31995","50622","PEAXSARS114806216","PEEN- RANGAT- 7901","35910652","114806216","PEENGAX","2025-10-02","2025-10-04",,"2025-10-09","2025-10-10","2025-10-11",,"1",,"8726793217","5626383858","10726745284","c890ad6e-6aeb-404b-9755-bc840e165695","Return","9784176075","1716936349","1","100089136832","OPEN_BOX_PICKUP","I do not need it anymore","DLS","MYSC1215332318","MYSR1160827539",,"2025-10-31 14:12:43.000",,,,
"31995","50622","PEAXCOORD118962405","PEEN- 502- S","37191993","118962405","PEENGAX","2025-10-02","2025-10-04",,"2025-10-09","2025-10-09","2025-10-10",,"1",,"8727876794","5627064824","10727832955","6cbf87a0-c965-43d4-ab3a-2d55a132296c","Return","8727876794","1717835351","1","100088964451","OPEN_BOX_PICKUP","Received a poor quality product","DLS","MYEC1068369581","MYSR1160695577",,"2025-10-29 14:41:00.000",,,,
"31995","50622","PEAXSARS115102004","SUDHA-2- 8312","36018866","115102004","PEENGAX","2025-10-10",,,,"1970-01-01",,"2025-10-10",,,"8745523648","5637873654","10745536148","955e207c-5f09-466b-b51a-b78310870c6d","RTO","8745523648","1723486056","1",,,,,"MYSC1218821278",,,,,,,
"31995","50622","PEAXKASS112265999","PEEN-33002-M","34934703","112265999","PEENGAX","2025-10-05","2025-10-07",,"2025-10-10","2025-10-10","2025-10-11",,"1",,"8736054222","5631896394","10736031351","4a3940da-2c07-4793-893d-5c7df4f4c932","Return","8736054222","1720802306","1","100089191207","OPEN_BOX_PICKUP","Product image was better than the actual product","DLS","MYEP1086436046","MYSR1160864975",,"2025-11-05 13:34:04.000",,,,
"31995","50622","PEAXKASS112050463","PEEN-26003-M","34858673","112050463","PEENGAX","2025-10-08","2025-10-10",,"2025-10-11","2025-10-11","2025-10-12",,"1",,"8743030721","5636249458","10743035277","bd27c183-f919-41ac-9437-b38b3cd1f798","Return","8743030721","1722848310","1","100089749972","OPEN_BOX_PICKUP","Product image was better than the actual product","DLS","MYSP1305889668","MYSR1161282121",,"2025-10-29 14:41:00.000",,,,
"31995","50622","PEAXCOORD118962407","PEEN- 502- L","37191993","118962407","PEENGAX","2025-10-02","2025-10-04",,"2025-10-08","2025-10-08","2025-10-09",,"1",,"8728695695","5627546668","10728651899","04cc6154-c66d-44f3-9311-23a1b37f0582","Return","8728695695","1717835338","1","100088283665","OPEN_BOX_PICKUP","Product image was better than the actual product","DLS","MYSC1215738951","MYSR1160180412",,"2025-10-16 16:06:56.000",,,,
"31995","50622","PEAXSARS113565552","PEEN- KOMAL- 102","35448020","113565552","PEENGAX","2025-09-30","2025-09-30",,,"1970-01-01",,"2025-10-05",,,"8722050050","5623487956","10721994980","a998bfce-9d92-4127-b155-454a492af413","RTO","8722050050","1715175339","1",,,,,"MYEC1067813439",,,"2025-10-13 13:56:18.000",,,,
"31995","50622","PEAXSARS114649337","PEEN- AARICA- 4302","35859129","114649337","PEENGAX","2025-10-02","2025-10-04",,"2025-10-09","2025-10-10","2025-10-11",,"1",,"8726793216","5626383858","10726745283","c5f626d8-9998-4b9e-9d54-765eca832c8e","Return","9784176075","1716936349","1","100089136987","OPEN_BOX_PICKUP","I do not need it anymore","DLS","MYSC1215332318","MYSR1160826895",,"2025-10-29 14:41:00.000",,,,
"31995","50622","PEAXCOORD118962409","PEEN- 502- XXL","37191993","118962409","PEENGAX","2025-10-01","2025-10-04",,"2025-10-04","2025-10-05","2025-10-06",,"1",,"8726282559","5626092874","10726234596","5f04d575-34b1-49a0-addc-d42c530428cd","Return","8726282559","1716936352","1","100086963358","OPEN_BOX_PICKUP","I do not need it anymore","DLS","MYSC1215333360","MYSR1159193974",,"2025-12-22 13:57:02.000",,,,
"31995","50622","PEAXSARS117162948","RP- VRUNDAVAN SILK- 469","36646509","117162948","PEENGAX","2025-10-13","2025-10-14",,"2025-10-16","2025-10-18","2025-10-18",,"1",,"8752196205","5641902368","10752235368","3667125f-7c7f-4ea9-ab61-570a61092984","Return","8752196205","1725737318","1","100092227820","OPEN_BOX_PICKUP","Product image was better than the actual product","DLS","MYSP1307969336","MYSR1163110713",,"2025-11-15 13:59:14.000",,,,
"31995","50622","PEAXKASS112444807","PEEN-2054- XL","35001757","112444807","PEENGAX","2025-10-09","2025-10-11",,"2025-10-13","2025-10-13","2025-10-14",,"1",,"8745150090","5637644734","10745162590","a8e5de19-c1b4-4f1d-97fc-514c4d6f7f98","Return","8745150090","1723486060","1","100090572877","OPEN_BOX_PICKUP","I did not like the fit","DLS","MYSP1306357386","MYSR1161892798",,"2025-10-29 14:41:00.000",,,,
"31995","50622","PEAXKASS112050604","PEEN-26001-S","34858705","112050604","PEENGAX","2025-10-06","2025-10-08",,,"1970-01-01",,"2025-10-11",,,"8738752809","5633407438","10738734213","1ed5a130-a3d6-4f48-8717-a9a9a52ed7b7","RTO","8738752809","1721487247","1",,,,,"MYSC1217711604",,,"2025-10-29 21:28:48.000",,,,
"31995","50622","PEAXSARS113565548","PEEN- KIMORA- 1904","35448016","113565548","PEENGAX","2025-09-23","2025-09-25",,"2025-09-29","2025-10-03","2025-10-03",,"1",,"8702260391","5612278866","10702191454","a26e31fc-ef5c-41f9-a3a6-1a63dad7c2bb","Return","9776449565","1707783412","1","100085911999","OPEN_BOX_PICKUP","Received a poor quality product","DLS","MYEC1066512209","MYSR1158410977",,"2025-10-15 15:36:11.000",,,,
"31995","50622","PEAXSARS117162950","RP- VRUNDAVAN SILK- 472","36646511","117162950","PEENGAX","2025-10-11","2025-10-14",,"2025-10-14","2025-10-14","2025-10-15",,"1",,"8748142463","5639507267","10748167794","5f317895-b989-4abb-8724-2598370b4519","Return","8748142463","1725737336","1","100090991600","OPEN_BOX_PICKUP","Received a poor quality product","DLS","MYSP1307970540","MYSR1162203810",,"2025-10-29 14:41:00.000",,,,
"31995","50622","PEAXKASS113784540","PEEN- 2094- L","35524159","113784540","PEENGAX","2025-10-02","2025-10-04",,"2025-10-08","2025-10-15","2025-10-16",,"1",,"8727635636","5626920493","10727589712","599c35de-b743-49e4-9262-0432ca9ff0cf","Return","8727635636","1717835193","1","100091441708","OPEN_BOX_PICKUP","Product image was better than the actual product","DLS","MYEC1068373303","MYSR1162532832",,"2025-11-03 15:47:51.000",,,,
"31995","50622","PEAXSARS113565627","PEEN- MALHARI- 1102","35448058","113565627","PEENGAX","2025-09-23","2025-09-25",,"2025-09-29","2025-10-02","2025-10-03",,"1",,"8702260381","5612278866","10702191444","abe4c051-6f4e-49f0-98d2-a6ce8927955b","Return","9776449565","1707783412","1","100085714929","OPEN_BOX_PICKUP","Received a poor quality product","DLS","MYEC1066512209","MYSR1158270127",,"2025-10-14 15:23:48.000",,,,
"31995","50622","PEAXSARS117162936","RP- AIRAAVAT PATOLA- 507","36646497","117162936","PEENGAX","2025-10-12",,,,"1970-01-01",,"2025-10-13",,,"8750907069","5641156285","10750944863","012289bb-c723-44ad-8801-546c89bcad1e","RTO","8750907069","1725737312","1",,,,,"MYEC1070234068",,,,,,,
"31995","50622","PEAXCOORD118962407","PEEN- 502- L","37191993","118962407","PEENGAX","2025-10-02","2025-10-04",,,"1970-01-01",,"2025-10-08",,,"8727399613","5626776030","10727353582","3c8601eb-089c-4289-aff4-4939de2d7410","RTO","8727399613","1717835308","1",,,,,"MYSC1215739382",,,"2025-10-16 16:06:56.000",,,,
"31995","50622","PEAXSARS117162952","RP- VRUNDAVAN SILK- 471","36646513","117162952","PEENGAX","2025-10-03","2025-10-05",,"2025-10-09","2025-10-09","2025-10-09",,"1",,"8730831878","5628828661","10730793810","e4b671ee-e1c8-44bf-ad3e-f3a4c406c5c9","Return","9785598298","1718776308","1","100088692495","OPEN_BOX_PICKUP","I do not need it anymore","DLS","MYSP1302728488","MYSR1160491909",,"2025-10-18 17:49:28.000",,,,
"31995","50622","PEAXCOORD118962397","PEEN- 503- S","37191992","118962397","PEENGAX","2025-09-29","2025-09-30",,"2025-10-03","2025-10-03","2025-10-04",,"1",,"8720956322","5622831257","10720901243","b4dc6e08-6307-4909-9fc1-2093d10973d8","Return","8720956322","1715175311","1","100086169188","OPEN_BOX_PICKUP","I did not like the fit","DLS","MYEC1067813226","MYER1045378101",,"2025-10-11 13:15:54.000",,,,
"31995","50622","PEAXSARS117162933","RP- AIRAAVAT PATOLA- 504","36646494","117162933","PEENGAX","2025-10-07","2025-10-08",,"2025-10-11","2025-10-13","2025-10-13",,"1","8749283057","8741361136","5635160360","10741356201","611d91d2-b860-474c-949b-68231338ed7d","Return","8741361136","1722180955","1","100090332127","OPEN_BOX_PICKUP","It did not look good on me","DLS","MYSP1305373591","MYSR1161719708",,"2025-11-05 13:34:04.000",,,,
"31995","50622","PEAXKASS112050505","PEEN-29001-M","34858682","112050505","PEENGAX","2025-09-25","2025-09-28",,,"1970-01-01",,"2025-10-20",,,"8709445841","5616330201","10709380917","83b4b143-bbca-4232-a5b0-94626e77af23","RTO","8709445841","1710375579","1",,,,,"MYEC1066968721",,,"2025-10-29 13:58:45.000",,,,
"31995","50622","PEAXCOORD118962406","PEEN- 502- M","37191993","118962406","PEENGAX","2025-10-02","2025-10-04",,"2025-10-07","2025-10-07","2025-10-08",,"1",,"8727288555","5626707176","10727242526","0f3cbcf3-80e0-4810-a47a-97ecb761e1bb","Return","8727288555","1717835280","1","100087772667","OPEN_BOX_PICKUP","Product image was better than the actual product","DLS","MYEP1085749449","MYER1045723792",,"2025-10-14 16:17:08.000",,,,
"31995","50622","PEAXSARS113565685","PEEN- PRISHA- 804","35448083","113565685","PEENGAX","2025-09-26","2025-09-28",,"2025-10-01","2025-10-03","2025-10-04",,"1",,"8712334139","5617989425","10712271443","49579771-e046-40c5-8509-56fc42aabcbc","Return","8712334139","1711713803","1","100086097841","OPEN_BOX_PICKUP","Received a poor quality product","DLS","MYEP1084610777","MYSR1158547795",,"2025-10-18 17:49:28.000",,,,
"31995","50622","PEAXKASS112050464","PEEN-26003-L","34858673","112050464","PEENGAX","2025-10-03",,,,"1970-01-01",,"2025-10-03",,,"8729385966","5627927889","10729342177","81c13ba7-3f2a-4dcb-b0e5-953172054ea9","RTO","8729385966","1717835186","1",,,,,"MYSC1215755822",,,,,,,
"31995","50622","PEAXKASS112266021","PEEN-32001-M","34934710","112266021","PEENGAX","2025-09-28","2025-09-30",,"2025-10-06","2025-10-06","2025-10-08",,"1",,"8718850623","5621609291","10718792841","46a9c6e9-7971-459a-bea4-fdaad5de16e6","Return","8718850623","1714192482","1","100087444061","OPEN_BOX_PICKUP","Received a poor quality product","RL","SF1863883196F","R1309384465F",,,,,,
"31995","50622","PEAXKASS113784539","PEEN- 2094- M","35524159","113784539","PEENGAX","2025-09-26","2025-09-28",,"2025-10-03","2025-10-03","2025-10-06",,"1",,"8712118581","5617866583","10712055880","e5cebf4e-a909-409e-86d6-f95993f4bb08","Return","8712118581","1711713783","1","100085935304","OPEN_BOX_PICKUP","Received a poor quality product","DLS","MYSP1297981136","MYSR1158429735",,"2025-10-13 18:40:10.000",,,,
"31995","50622","PEAXKASS112050556","PEEN-14001-XXL","34858692","112050556","PEENGAX","2025-10-07","2025-10-09",,,"1970-01-01",,"2025-10-10",,,"8740749585","5634750898","10740744647","86c671f6-6c51-4b44-8ec1-efe2da585684","RTO","8740749585","1722180969","1",,,,,"MYSP1305372956",,,"2025-10-17 14:21:02.000",,,,
"31995","50622","PEAXKASS111013651","PEEN-2702-M","34471150","111013651","PEENGAX","2025-10-04","2025-10-08",,"2025-10-10","2025-10-10","2025-10-16",,"1",,"8733778475","5630583300","10733747139","6e07135d-5f34-483c-b5d0-51a98243586d","Return","8733778475","1720802315","1","100089296264","OPEN_BOX_PICKUP","Received a completely different product","DLS","MYEP1086435824","MYSR1160943964",,"2025-11-03 15:47:51.000",,,,
"31995","50622","PEAXKASS112050540","PEEN-26002-M","34858690","112050540","PEENGAX","2025-10-03","2025-10-04",,"2025-10-08","2025-10-08","2025-10-09",,"1",,"8729923905","5628263289","10729882394","1e5567c7-d3e1-4b7c-998a-fce5e0a379d9","Return","8729923905","1717911885","1","100088356775","OPEN_BOX_PICKUP","Size too small","DLS","MYSP1302090211","MYSR1160234695",,"2025-10-16 16:06:56.000",,,,
"31995","50622","PEAXKASS112266014","PEEN-35001-XXL","34934707","112266014","PEENGAX","2025-10-02","2025-10-04",,"2025-10-08","2025-10-08","2025-10-10",,"1",,"8727790955","5627013080","10727745031","8e369fbd-b443-4ca2-b641-8f50890f6f13","Return","8727790955","1717835300","1","100088307021","OPEN_BOX_PICKUP","Product image was better than the actual product","DLS","MYSC1215751741","MYSR1160198744",,"2025-10-16 16:06:56.000",,,,
"31995","50622","PEAXSARS117162948","RP- VRUNDAVAN SILK- 469","36646509","117162948","PEENGAX","2025-10-01","2025-10-04",,"2025-10-07","2025-10-09","2025-10-11",,"1",,"8725876704","5625845486","10725828735","a6b7503b-27e2-4c90-9273-3f423e435d68","Return","8725876704","1716936344","1","100088605808","OPEN_BOX_PICKUP","I do not need it anymore","DLS","MYSP1301430230","MYSR1160429337",,"2025-11-03 15:47:51.000",,,,
"31995","50622","PEAXKASS112050542","PEEN-26002-XL","34858690","112050542","PEENGAX","2025-10-05","2025-10-08",,"2025-10-10","2025-10-11","2025-10-15",,"1",,"8735624864","5631648088","10735597430","49f6f135-9cf5-4a39-b80f-d7a1bbb6a2cb","Return","8735624864","1720802386","1","100089470174","OPEN_BOX_PICKUP","Size is different","DLS","MYSC1217304122","MYSR1161078808",,"2025-10-29 14:41:00.000",,,,
"31995","50622","PEAXSARS117162950","RP- VRUNDAVAN SILK- 472","36646511","117162950","PEENGAX","2025-09-27","2025-09-28",,"2025-10-01","2025-10-05","2025-10-06",,"1",,"8713256410","5618485651","10713194817","e1f6a15b-6b2c-4106-9046-09fc3af6254b","Return","8713256410","1711713809","1","100087058355","OPEN_BOX_PICKUP","Product image was better than the actual product","DLS","MYSC1212631898","MYSR1159265045",,"2025-10-18 17:49:28.000",,,,
"31995","50622","PEAXSARS117162948","RP- VRUNDAVAN SILK- 469","36646509","117162948","PEENGAX","2025-09-28","2025-09-30",,,"1970-01-01",,"2025-10-03",,,"8719117112","5621729763","10719059289","f9be943b-2279-4706-93ff-178e4c2c8483","RTO","8719117112","1714192445","1",,,,,"MYEP1085028126",,,"2025-10-09 13:26:42.000",,,,
"31995","50622","PEAXCOORD118962398","PEEN- 504- L","37191991","118962398","PEENGAX","2025-10-03","2025-10-05",,"2025-10-10","2025-10-10","2025-10-11",,"1",,"8730037761","5628333646","10729996250","76dacf42-9f2b-4ecf-8740-828290f8e645","Return","8730037761","1718776258","1","100089284147","OPEN_BOX_PICKUP","I did not like the fit","DLS","MYEP1085994578","MYER1046047962",,"2025-10-28 14:48:18.000",,,,
"31995","50622","PEAXCOORD118962406","PEEN- 502- M","37191993","118962406","PEENGAX","2025-10-03","2025-10-04",,,"1970-01-01",,"2025-10-09",,,"8729248052","5627850695","10729204261","59d29a4f-54d4-423d-96b1-50e78a72c4b2","RTO","8729248052","1717835242","1",,,,,"MYSC1215739898",,,"2025-10-18 17:49:28.000",,,,
"31995","50622","PEAXKASS112050465","PEEN-26003-XL","34858673","112050465","PEENGAX","2025-09-23","2025-09-25",,"2025-09-30","2025-10-04","2025-10-06",,"1",,"8703084787","5612741566","10703015909","80a2ce3f-9e37-4393-99d7-cc37c50053e9","Return","8703084787","1707783341","1","100086556025","OPEN_BOX_PICKUP","I did not like the fit","DLS","MYSP1295485661","MYSR1158888003",,"2025-10-18 17:49:28.000",,,,
"31995","50622","PEAXSARS119282133","PEEN- BANDHANI- 11005","37301470","119282133","PEENGAX","2025-10-11",,,,"1970-01-01",,"2025-10-13",,,"8749078708","5640070409","10749108584","25ef0754-c55a-4037-866f-e2e477a3a39b","RTO","8749078708","1725737286","1",,,,,"MYEP1087793577",,,"2025-10-16 13:26:56.000",,,,
"31995","50622","PEAXSARS114649232","PEEN- PADMAVATI- 6401","35859086","114649232","PEENGAX","2025-10-09","2025-10-09",,"2025-10-13","2025-10-15","2025-10-15",,"1",,"8743995565","5636876965","10744003872","64356f68-e8fb-4001-9100-fe413e8f6034","Return","8743995565","1722848247","1","100091258140","OPEN_BOX_PICKUP","Product image was better than the actual product","DLS","MYSP1305895410","MYSR1162398342",,"2025-11-03 15:47:51.000",,,,
"31995","50622","PEAXSARS114805957","PEEN- RANGAT- 7902","35910587","114805957","PEENGAX","2025-10-06","2025-10-08",,"2025-10-13","2025-10-13","2025-10-14",,"1",,"8738649199","5633335635","10738630603","56ad5207-5163-4733-b8af-0b5911465c85","Return","8738649199","1721487244","1","100090538609","OPEN_BOX_PICKUP","Received a poor quality product","DLS","MYEC1069183869","MYSR1161866195",,"2025-11-12 15:32:57.000",,,,
"31995","50622","PEAXKASS112050463","PEEN-26003-M","34858673","112050463","PEENGAX","2025-10-03","2025-10-04",,"2025-10-06","2025-10-07","2025-10-08",,"1",,"8729782158","5628174516","10729740647","a581600e-67e8-4644-8d19-f519011f600b","Return","8729782158","1717835159","1","100087960062","OPEN_BOX_PICKUP","I did not like the fit","DLS","MYSP1302039858","MYSR1159938944",,"2025-10-15 15:36:11.000",,,,
"31995","50622","PEAXKASS112050437","PEEN-22001-M","34858667","112050437","PEENGAX","2025-10-02","2025-10-04",,"2025-10-07","2025-10-07","2025-10-08",,"1",,"8727348345","5626744458","10727302314","053280ea-9f30-4c69-a26e-63805c020c41","Return","8727348345","1717835208","1","100087844420","OPEN_BOX_PICKUP","Size too big","DLS","MYEP1085760989","MYSR1159853440",,"2025-11-03 15:47:51.000",,,,
"31995","50622","PEAXSARS117162952","RP- VRUNDAVAN SILK- 471","36646513","117162952","PEENGAX","2025-10-02","2025-10-04",,"2025-10-06","2025-10-06","2025-10-07",,"1",,"8728052449","5627168636","10728008657","e9e10295-73df-4454-934e-915b39a1650e","Return","8728052449","1717835274","1","100087577327","OPEN_BOX_PICKUP","Product image was better than the actual product","DLS","MYEP1085758296","MYER1045679984",,"2025-10-15 13:09:30.000",,,,
"31995","50622","PEAXSARS117162948","RP- VRUNDAVAN SILK- 469","36646509","117162948","PEENGAX","2025-10-04","2025-10-08",,"2025-10-12","2025-10-15","2025-10-16",,"1",,"8733220873","5630249074","10733189540","78d77e67-6c8d-4d40-8ec7-b8d42c3eef25","Return","8733220873","1720802281","1","100091426207","OPEN_BOX_PICKUP","I did not like the fit","DLS","MYSC1217303744","MYSR1162521199",,"2025-11-13 15:33:02.000",,,,
"31995","50622","PEAXKASS111013494","PEEN-3103-L","34471118","111013494","PEENGAX","2025-10-06","2025-10-08",,"2025-10-10","2025-10-10","2025-10-11",,"1",,"8739135915","5633675770","10739121643","5bf4321a-49e6-4a7e-a5a8-75a30bd347d3","Return","8739135915","1721487263","1","100089402171","OPEN_BOX_PICKUP","I did not like the fit","DLS","MYEP1086670815","MYSR1161025680",,"2025-11-03 15:47:51.000",,,,
"31995","50622","PEAXSARS117162957","RP- VRUNDAVAN SILK- 473","36646518","117162957","PEENGAX","2025-09-28","2025-09-30",,"2025-10-03","2025-10-03","2025-10-04",,"1",,"8718866383","5621617150","10718808601","a01eea7d-4cd7-4721-b7aa-9f89ce582b0f","Return","8718866383","1714192439","1","100086130809","OPEN_BOX_PICKUP","I do not need it anymore","DLS","MYSP1299608899","MYSR1158572110",,"2025-10-29 14:41:00.000",,,,
"31995","50622","PEAXSARS115101989","SUDHA-2- 8323","36018851","115101989","PEENGAX","2025-10-09","2025-10-09",,,"1970-01-01",,"2025-10-11",,,"8744016911","5636890802","10744025348","a764824f-91df-42e6-b04c-54a30c250134","RTO","8744016911","1722848300","1",,,,,"MYSC1218478214",,,"2025-11-03 15:47:51.000",,,,
"31995","50622","PEAXSARS117162982","RP- AVNIKA TISSUE- 512","36646543","117162982","PEENGAX","2025-10-12","2025-10-14",,,"1970-01-01",,"2025-10-17",,,"8750228092","5640744988","10750262556","d4d43ec0-9045-4544-a8ba-d7b220a234e2","RTO","8750228092","1725737296","1",,,,,"MYEC1070233856",,,"2025-11-07 14:26:00.000",,,,
"31995","50622","PEAXKASS112266036","PEEN-34001-XXL","34934714","112266036","PEENGAX","2025-10-08","2025-10-11",,"2025-10-14","2025-10-14","2025-10-15",,"1",,"8742822517","5636106548","10742827073","84e5ed89-7ba2-4db8-8978-323af6c65553","Return","8742822517","1722848276","1","100091031307","OPEN_BOX_PICKUP","I did not like the fit","DLS","MYEC1069539802","MYSR1162232553",,"2025-11-05 13:34:04.000",,,,
"31995","50622","PEAXKASS111863930","PEEN-9801-M","34798676","111863930","PEENGAX","2025-10-08","2025-10-11",,"2025-10-15","2025-10-16","2025-10-17",,"1",,"8743427500","5636509040","10743432056","cb3bf5a0-52ed-449c-b609-3057e08eb362","Return","8743427500","1722848286","1","100091602198","OPEN_BOX_PICKUP","I did not like the fit","DLS","MYEC1069540533","MYSR1162653325",,"2025-11-15 13:59:14.000",,,,
"31995","50622","PEAXSARS117158415","PEEN- RUHI SILK- 706","36644571","117158415","PEENGAX","2025-10-03","2025-10-04",,"2025-10-06","2025-10-06","2025-10-07",,"1",,"8729399647","5627935124","10729355858","01c43d73-03fb-4f78-bd7b-397438685bbf","Return","8729399647","1717835227","1","100087576201","OPEN_BOX_PICKUP","Product image was better than the actual product","DLS","MYEP1085759826","MYER1045679795",,"2025-10-15 13:09:30.000",,,,
"31995","50622","PEAXSARS117162946","RP- AQUA SILK- 524","36646507","117162946","PEENGAX","2025-10-09","2025-10-11",,"2025-10-15","2025-10-16","2025-10-18",,"1",,"8744261937","5637049030","10744270375","b8def9a6-bd50-4a89-8896-2ff0092aacfa","Return","8744261937","1723486084","1","100091702885","OPEN_BOX_PICKUP","Product image was better than the actual product","DLS","MYEP1087221174","MYSR1162724294",,"2025-11-14 14:32:03.000",,,,
"31995","50622","PEAXCOORD118962405","PEEN- 502- S","37191993","118962405","PEENGAX","2025-10-02","2025-10-04",,"2025-10-08","2025-10-08","2025-10-09",,"1",,"8728546574","5627458563","10728502774","1827d011-9947-4eb1-baf2-5344b617243b","Return","8728546574","1717835322","1","100088362776","OPEN_BOX_PICKUP","Received a poor quality product","DLS","MYSP1302032921","MYSR1160238408",,"2025-10-29 14:41:00.000",,,,
"31995","50622","PEAXCOORD118962405","PEEN- 502- S","37191993","118962405","PEENGAX","2025-10-02","2025-10-04",,"2025-10-04","2025-10-05","2025-10-06",,"1",,"8728074638","5627181612","10728030840","53e03c4c-852f-483e-b1c7-695be6a91841","Return","8728074638","1717835168","1","100086754623","OPEN_BOX_PICKUP","Product image was better than the actual product","DLS","MYSC1215749552","MYSR1159042924",,"2025-10-13 18:40:10.000",,,,
"31995","50622","PEAXKASS112050542","PEEN-26002-XL","34858690","112050542","PEENGAX","2025-09-29","2025-10-01",,"2025-10-06","2025-10-06","2025-10-07",,"1",,"8720458335","5622525734","10720402253","c5fe6b9f-1144-4ce4-8e80-a36b2ec68b33","Return","8720458335","1715175289","1","100087614142","OPEN_BOX_PICKUP","Size too big","DLS","MYEC1067813292","MYSR1159684092",,"2025-10-18 17:49:28.000",,,,
"31995","50622","PEAXKASS112050419","PEEN-25001- L","34858663","112050419","PEENGAX","2025-10-08",,,,"1970-01-01",,"2025-10-08",,,"8741866322","5635476940","10741861400","42ce181f-e6c4-40a3-9242-c0b5e31e8e0d","RTO","9788220795","1722180917","1",,,,,"MYSC1218095969",,,"2025-10-13 18:40:10.000",,,,
"31995","50622","PEAXKASS115371272","PEEN- 2098- XL","36106850","115371272","PEENGAX","2025-10-04","2025-10-07",,"2025-10-11","2025-10-11","2025-10-12",,"1",,"8734217175","5630831385","10734185871","eda5a69b-0448-47ff-9797-86461c0cb07c","Return","8734217175","1720802532","1","100089759445","OPEN_BOX_PICKUP","Product image was better than the actual product","DLS","MYSP1304214328","MYSR1161288896",,"2025-10-29 14:41:00.000",,,,
"31995","50622","PEAXKASS113784541","PEEN- 2094- XL","35524159","113784541","PEENGAX","2025-10-01","2025-10-04",,,"1970-01-01",,"2025-10-06",,,"8725763496","5625774269","10725715524","81896957-dd22-453f-80e8-fb55e218c8d4","RTO","8725763496","1716936359","1",,,,,"MYSC1215333316",,,"2025-10-13 18:40:10.000",,,,
"31995","50622","PEAXCOORD118962408","PEEN- 502- XL","37191993","118962408","PEENGAX","2025-09-30",,,,"1970-01-01",,"2025-10-01",,,"8721744159","5623303722","10721689088","389e2ac3-9861-41b7-a15f-0c9d45089d9b","RTO","8721744159","1715175332","1",,,,,"MYSP1300260679",,,"2025-10-04 16:48:10.000",,,,
"31995","50622","PEAXKASS113784540","PEEN- 2094- L","35524159","113784540","PEENGAX","2025-09-28","2025-09-30",,"2025-10-03","2025-10-07","2025-10-08",,"1",,"8718932092","5621648402","10718874309","a89a6e6e-4248-4dad-991c-673d4ee71cfc","Return","8718932092","1714192423","1","100088023880","OPEN_BOX_PICKUP","Product was dirty and had stains","DLS","MYSC1213909766","MYSR1159987901",,"2025-10-17 14:21:02.000",,,,
"31995","50622","PEAXKASS112050540","PEEN-26002-M","34858690","112050540","PEENGAX","2025-10-09","2025-10-11",,"2025-10-14","2025-10-20","2025-10-21",,"1",,"8744349705","5637107141","10744358143","f5a55786-84b8-4aab-a759-df209261e6b7","Return","8744349705","1723486070","1","100093077232","OPEN_BOX_PICKUP","Product image was better than the actual product","DLS","MYEP1087220996","MYSR1163713927",,"2025-11-03 15:47:51.000",,,,
"31995","50622","PEAXSARS113565551","PEEN- KIMORA- 1902","35448019","113565551","PEENGAX","2025-09-23","2025-09-25",,"2025-09-29","2025-10-02","2025-10-03",,"1",,"8702260388","5612278866","10702191451","f24455ca-12c4-4e31-b7d1-64dc64db7e6d","Return","9776449565","1707783412","1","100085716443","OPEN_BOX_PICKUP","Received a poor quality product","DLS","MYEC1066512209","MYSR1158270700",,"2025-10-14 15:23:48.000",,,,
"31995","50622","PEAXKASS112050539","PEEN-26002-S","34858690","112050539","PEENGAX","2025-09-26","2025-09-28",,"2025-10-03","2025-10-05","2025-10-06",,"1",,"8711689253","5617608715","10711626549","a9180a30-3739-4175-bb60-34d0cdba9d32","Return","8711689253","1711713898","1","100086950996","OPEN_BOX_PICKUP","I did not like the fit","DLS","MYSP1297983371","MYSR1159185729",,"2025-10-29 14:41:00.000",,,,
"31995","50622","PEAXSARS117162948","RP- VRUNDAVAN SILK- 469","36646509","117162948","PEENGAX","2025-10-03","2025-10-05",,"2025-10-09","2025-10-10","2025-10-10",,"1","8744244898","8730831881","5628828661","10730793814","bca34034-2f53-422a-8572-0d18f939a229","Return","9785598298","1718776308","1","100089070006","OPEN_BOX_PICKUP","I do not need it anymore","DLS","MYSP1302728488","MYSR1160778397",,"2025-11-11 15:12:11.000",,,,
"31995","50622","PEAXKASS112050543","PEEN-26002-XXL","34858690","112050543","PEENGAX","2025-10-09","2025-10-11",,,"1970-01-01",,"2025-10-11",,,"8744410196","5637147465","10744418634","ad529026-0a49-4119-9e19-48d2058656e7","RTO","8744410196","1723486094","1",,,,,"MYSP1306360133",,,"2025-10-29 14:41:00.000",,,,
"31995","50622","PEAXSARS117162955","RP- AQUA SILK- 527","36646516","117162955","PEENGAX","2025-09-25","2025-09-26",,"2025-09-27","2025-10-03","2025-10-04",,"1",,"8707358959","5615105838","10707292306","c509d1b8-d0e8-4e2c-84f9-33adc3b68e34","Return","8707358959","1709106956","1","100085996683","OPEN_BOX_PICKUP","Product image was better than the actual product","DLS","MYSP1296305250","MYSR1158474138",,"2025-10-13 18:40:10.000",,,,
"31995","50622","PEAXKASS113784539","PEEN- 2094- M","35524159","113784539","PEENGAX","2025-09-30","2025-10-02",,"2025-10-06","2025-10-06","2025-10-07",,"1",,"8723739313","5624547804","10723687772","7bdefe17-be3e-4ba8-8e6f-37684d20c722","Return","8723739313","1716134630","1","100087500528","OPEN_BOX_PICKUP","Received a poor quality product","DLS","MYSC1214929281","MYSR1159595394",,"2025-10-17 14:21:02.000",,,,
"31995","50622","PEAXKASS112050435","PEEN-22001-S","34858667","112050435","PEENGAX","2025-10-05","2025-10-08",,,"1970-01-01",,"2025-10-12",,,"8736716177","5632264909","10736693301","c6d8d456-9726-495c-8ed3-183420659d2e","RTO","8736716177","1720802332","1",,,,,"MYSC1217298462",,,"2025-10-29 14:41:00.000",,,,
"31995","50622","PEAXKASS112050462","PEEN-26003-S","34858673","112050462","PEENGAX","2025-10-07","2025-10-09",,"2025-10-13","2025-10-13","2025-10-15",,"1",,"8741313352","5635130003","10741308417","c36e289d-fff9-48e2-9b10-018a492601ee","Return","8741313352","1722180922","1","100090581541","OPEN_BOX_PICKUP","I did not like the fit","DLS","MYSC1218096525","MYSR1161899429",,"2025-11-03 15:47:51.000",,,,
"31995","50622","PEAXSARS117162946","RP- AQUA SILK- 524","36646507","117162946","PEENGAX","2025-10-08","2025-10-09",,"2025-10-11","2025-10-13","2025-10-14",,"1",,"8741954871","5635536211","10741949949","1467a212-d4c6-4297-a4e7-0d4e0bd47f18","Return","8741954871","1722180980","1","100090468070","OPEN_BOX_PICKUP","Size too big","DLS","MYSC1218096268","MYSR1161815075",,"2025-10-29 14:41:00.000",,,,
"31995","50622","PEAXSARS119255825","PEEN- DURGA EDITION- 19005","37292416","119255825","PEENGAX","2025-10-08","2025-10-10",,"2025-10-12","2025-10-12","2025-10-13",,"1",,"8743073044","5636278555","10743077600","b3d69e1a-d954-45d2-abd8-206ad4b8b419","Return","8743073044","1722848235","1","100090036757","OPEN_BOX_PICKUP","Received a poor quality product","DLS","MYSP1305895791","MYSR1161495021",,"2025-10-29 14:41:00.000",,,,
"31995","50622","PEAXCOORD118962391","PEEN- 501- XL","37191989","118962391","PEENGAX","2025-10-03","2025-10-05",,"2025-10-14","2025-10-20","2025-10-22",,"1",,"8730081710","5628360986","10730040234","2da1baad-74cf-4f91-901b-07b685da4619","Return","8730081710","1718776244","1","100093053507","OPEN_BOX_PICKUP","Product image was better than the actual product","DLS","MYEC1068595499","MYER1046957440",,"2025-11-06 21:28:30.000",,,,
"31995","50622","PEAXKASS112050462","PEEN-26003-S","34858673","112050462","PEENGAX","2025-10-07","2025-10-08",,"2025-10-11","2025-10-11","2025-10-12",,"1",,"8741155733","5635025991","10741150797","ba409966-5ded-49ac-8ae7-844001ffd620","Return","8741155733","1722180941","1","100089717944","OPEN_BOX_PICKUP","I did not like the fit","DLS","MYEC1069362984","MYSR1161258077",,"2025-11-03 15:47:51.000",,,,
"31995","50622","PEAXSARS117162952","RP- VRUNDAVAN SILK- 471","36646513","117162952","PEENGAX","2025-10-12","2025-10-14",,"2025-10-17","2025-10-17","2025-10-18",,"1",,"8752076468","5641839610","10752115631","92511a01-09cb-44f6-ad20-93b937319d78","Return","8752076468","1725737361","1","100092076920","OPEN_BOX_PICKUP","I did not like the fit","DLS","MYSC1220009836","MYSR1162997404",,"2025-11-10 16:56:28.000",,,,
"31995","50622","PEAXCOORD118962397","PEEN- 503- S","37191992","118962397","PEENGAX","2025-10-02","2025-10-04",,"2025-10-07","2025-10-07","2025-10-07",,"1",,"8727958395","5627112723","10727914558","31921850-95dc-47af-bf07-551c3316cca4","Return","8727958395","1717835288","1","100087875198","OPEN_BOX_PICKUP","Product image was better than the actual product","DLS","MYSP1302034496","MYSR1159875997",,"2025-10-15 15:36:11.000",,,,
"31995","50622","PEAXKASS112266089","PEEN-45001-L","34934733","112266089","PEENGAX","2025-10-03","2025-10-09",,,"1970-01-01",,"2025-10-11",,,"8730638409","5628705330","10730600338","9b6b0609-6b77-4c42-80f5-f99b0b8a054b","RTO","8730638409","1718776263","1",,,,,"MYSP1302725635",,,"2025-10-29 14:41:00.000",,,,
"31995","50622","PEAXKASS112050608","PEEN-26001-XXL","34858705","112050608","PEENGAX","2025-10-08","2025-10-09",,"2025-10-13","2025-10-16","2025-10-18",,"1",,"8743454242","5636525056","10743458797","609e9356-6d48-47d2-9201-c0cac8cca368","Return","8743454242","1722848250","1","100091663366","OPEN_BOX_PICKUP","Size too big","DLS","MYEC1069542471","MYSR1162695485",,"2025-11-12 15:32:57.000",,,,
"31995","50622","PEAXCOORD118962408","PEEN- 502- XL","37191993","118962408","PEENGAX","2025-10-01","2025-10-04",,,"1970-01-01",,"2025-10-09",,,"8725803573","5625799091","10725755601","150483f7-92e3-4573-ab46-1ecf36db6478","RTO","8725803573","1716936354","1",,,,,"MYSC1215333112",,,"2025-10-29 14:41:00.000",,,,
"31995","50622","PEAXKASS112446223","PEEN- 2021- L","35003026","112446223","PEENGAX","2025-10-15","2025-10-16",,"2025-10-26","2025-10-26","2025-10-28",,"1",,"8756880233","5644809756","10756945943","a2c45a7b-62ae-4dba-a474-aa4b14ed752d","Return","8756880233","1727782937","1","100094525769","OPEN_BOX_PICKUP","I did not like the fit","DLS","MYEC1070767363","MYSR1164727957",,"2025-11-13 15:33:03.000",,,,
"31995","50622","PEAXKASS113784541","PEEN- 2094- XL","35524159","113784541","PEENGAX","2025-09-30","2025-09-30",,"2025-10-06","2025-10-06","2025-10-07",,"1",,"8722208779","5623593055","10722155251","810c1e73-4b07-4896-bd97-c68472d0d5c9","Return","8722208779","1715175327","1","100087365399","OPEN_BOX_PICKUP","I did not like the fit","DLS","MYEC1067812977","MYER1045635755",,"2025-11-21 14:39:39.000",,,,
"31995","50622","PEAXKASS112050462","PEEN-26003-S","34858673","112050462","PEENGAX","2025-10-09",,,,"1970-01-01",,"2025-10-10",,,"8744367051","5637118606","10744375489","9a1236ff-68ea-4039-a8f9-34ba39e23b08","RTO","8744367051","1723486075","1",,,,,"MYSC1218823630",,,,,,,
"31995","50622","PEAXKASS113784538","PEEN- 2094- S","35524159","113784538","PEENGAX","2025-09-30","2025-10-01",,"2025-10-06","2025-10-07","2025-10-08",,"1",,"8723057348","5624119680","10723005754","56220338-119f-4191-aca7-f9e671f8e78d","Return","8723057348","1716134654","1","100087894491","OPEN_BOX_PICKUP","Received a poor quality product","DLS","MYSP1300901250","MYSR1159889166",,"2025-10-18 17:49:28.000",,,,
"31995","50622","PEAXSARS117162942","RP- AIRAAVAT PATOLA- 508","36646503","117162942","PEENGAX","2025-10-10","2025-10-12",,"2025-10-15","2025-10-15","2025-10-16",,"1",,"8747157717","5638903947","10747178705","644eb772-8bca-4a89-8307-c9b86446e94d","Return","8747157717","1724166209","1","100091382975","OPEN_BOX_PICKUP","Received a poor quality product","DLS","MYSP1306846787","MYSR1162489695",,"2025-11-06 14:35:29.000",,,,
"31995","50622","PEAXKASS112050542","PEEN-26002-XL","34858690","112050542","PEENGAX","2025-09-29","2025-10-01",,"2025-10-04","2025-10-08","2025-10-11",,"1",,"8720956246","5622831201","10720901167","67d8efb4-818a-4476-80be-38ad32d9573f","Return","8720956246","1715175320","1","100088153665","OPEN_BOX_PICKUP","I do not need it anymore","DLS","MYSP1300260087","MYSR1160089503",,"2025-10-29 14:41:00.000",,,,
"31995","50622","PEAXKASS113784541","PEEN- 2094- XL","35524159","113784541","PEENGAX","2025-09-30","2025-10-02",,"2025-10-06","2025-10-06","2025-10-07",,"1",,"8723746949","5624552592","10723695408","be9e0f47-2d7e-42b1-846a-95f1a6ca7c1b","Return","8723746949","1716134594","1","100087500247","OPEN_BOX_PICKUP","Received a poor quality product","DLS","MYSC1214929325","MYSR1159595925",,"2025-10-15 15:36:11.000",,,,
"31995","50622","PEAXSARS117158401","PEEN- MOOR SILK- 408","36644557","117158401","PEENGAX","2025-09-18","2025-09-24",,,"1970-01-01",,"2025-10-03",,,"8681414132","5601489638","10681340111","def43651-156f-48dd-9f0e-ead012ea94c8","RTO","8681414132","1701782318","1",,,,,"SF1842911426F",,,"2025-10-08 14:27:22.000",,,,
"31995","50622","PEAXKASS112050465","PEEN-26003-XL","34858673","112050465","PEENGAX","2025-10-03","2025-10-05",,,"1970-01-01",,"2025-10-08",,,"8731434343","5629196654","10731396290","7e714a85-6841-44c6-a4eb-dedf4b97828a","RTO","8731434343","1718776280","1",,,,,"MYSP1302726393",,,"2025-10-29 14:41:00.000",,,,
"31995","50622","PEAXKASS112050604","PEEN-26001-S","34858705","112050604","PEENGAX","2025-10-05","2025-10-07",,"2025-10-09","2025-10-10","2025-10-11",,"1",,"8736914398","5632374246","10736891517","557611a1-18b7-4d4b-8f65-168ba6727f49","Return","8736914398","1720802549","1","100089144875","OPEN_BOX_PICKUP","Product image was better than the actual product","DLS","MYEP1086431049","MYSR1160832013",,"2025-10-29 14:41:00.000",,,,
"31995","50622","PEAXSARS117152688","PEEN- NOOR SILK- 507","36642924","117152688","PEENGAX","2025-10-01","2025-10-02",,"2025-10-05","2025-10-10","2025-10-13",,"1",,"8724633736","5625074774","10724582232","859b8c91-fbe8-4601-b81a-3c49b22799ca","Return","8724633736","1716134680","1","100089362356","OPEN_BOX_PICKUP","I do not need it anymore","DLS","MYSP1300901860","MYSR1160995546",,"2025-10-29 14:41:00.000",,,,
"31995","50622","PEAXCOORD118962405","PEEN- 502- S","37191993","118962405","PEENGAX","2025-10-02","2025-10-04",,"2025-10-06","2025-10-09","2025-10-10",,"1",,"8728786173","5627598657","10728742383","961ca11a-b254-41db-a343-7cb5c8ebed41","Return","8728786173","1717835269","1","100088833261","OPEN_BOX_PICKUP","Size too big","DLS","MYEP1085757332","MYSR1160594185",,"2025-10-18 17:49:28.000",,,,
"31995","50622","PEAXKASS112265992","PEEN-38001-S","34934702","112265992","PEENGAX","2025-09-29","2025-10-01",,"2025-10-06","2025-10-07","2025-10-08",,"1",,"8721405916","5623111495","10721350849","34475d91-f48c-4149-8f2c-2c360bc18b38","Return","8721405916","1715175297","1","100087668752","OPEN_BOX_PICKUP","Product image was better than the actual product","DLS","MYEC1067813266","MYSR1159727950",,"2025-10-30 14:47:24.000",,,,
"31995","50622","PEAXSARS117162988","RP- KIRI SILK- 464","36646549","117162988","PEENGAX","2025-10-13","2025-10-15",,,"1970-01-01",,"2025-10-16",,,"8754017630","5643044252","10754066669","6bd3b609-ca86-4ed3-bd58-52dccf392a7d","RTO","8754017630","1726458643","1",,,,,"MYSC1220409941",,,"2025-11-06 14:35:29.000",,,,
"31995","50622","PEAXSARS117162935","RP- AIRAAVAT PATOLA- 505","36646496","117162935","PEENGAX","2025-10-05","2025-10-08",,,"1970-01-01",,"2025-10-09",,,"8734949680","5631246511","10734918761","2c06fc60-a398-4b5c-8c21-fa89b5610c19","RTO","8734949680","1720802540","1",,,,,"MYSC1217299952",,,"2025-10-16 16:06:56.000",,,,
"31995","50622","PEAXKASS112446126","PEEN-2031- M","35002953","112446126","PEENGAX","2025-09-30","2025-10-01",,"2025-10-05","2025-10-06","2025-10-06",,"1",,"8723027983","5624101628","10722976387","649c1ec9-f3e8-4cb8-9719-3bcfd6174b54","Return","8723027983","1716134664","1","100087282118","OPEN_BOX_PICKUP","Size is different","DLS","MYSC1214931213","MYSR1159436344",,"2025-10-29 14:41:00.000",,,,
"31995","50622","PEAXSARS114805910","PEEN- BASANTI- 6704","35910566","114805910","PEENGAX","2025-10-02","2025-10-04",,,"1970-01-01",,"2025-10-09",,,"8728738113","5627571262","10728694323","1337da66-be99-4dbd-aed4-5a13ac3fec42","RTO","8728738113","1717835127","1",,,,,"MYSC1215752736",,,"2025-10-29 14:41:00.000",,,,
"31995","50622","PEAXKASS112050462","PEEN-26003-S","34858673","112050462","PEENGAX","2025-10-08","2025-10-09",,"2025-10-11","2025-10-13","2025-10-13",,"1",,"8742783010","5636080035","10742787566","aa7f5f85-c927-4d78-8b94-b59e11a5fa72","Return","8742783010","1722848258","1","100090312745","OPEN_BOX_PICKUP","Size too big","DLS","MYSP1305890699","MYSR1161703922",,"2025-10-29 14:41:00.000",,,,
"31995","50622","PEAXCOORD118962405","PEEN- 502- S","37191993","118962405","PEENGAX","2025-10-01","2025-10-02",,,"1970-01-01",,"2025-10-05",,,"8724879265","5625227921","10724829441","82b141d1-a828-4652-9db6-7f315158fee9","RTO","8724879265","1716201132","1",,,,,"MYSC1214971306",,,"2025-10-11 14:48:21.000",,,,
"31995","50622","PEAXKASS115371273","PEEN- 2098- XXL","36106850","115371273","PEENGAX","2025-10-09","2025-10-11",,,"1970-01-01",,"2025-10-13",,,"8744923235","5637492813","10744935734","70f10c5b-4cd0-4448-ab8c-19dd03c2970b","RTO","8744923235","1723486099","1",,,,,"MYSC1218823728",,,"2025-11-06 14:35:29.000",,,,
"31995","50622","PEAXKASS112050435","PEEN-22001-S","34858667","112050435","PEENGAX","2025-10-02","2025-10-04",,"2025-10-11","2025-10-11","2025-10-13",,"1",,"8728943143","5627686085","10728899347","79c62ee3-1757-4c91-9acd-1bd01ed11fa8","Return","8728943143","1717835314","1","100089716102","OPEN_BOX_PICKUP","I did not like the fit","DLS","MYSP1302036739","MYSR1161255787",,"2025-11-03 15:47:51.000",,,,
"31995","50622","PEAXKASS111863958","PEEN-9202-XL","34798681","111863958","PEENGAX","2025-10-05","2025-10-08",,"2025-10-13","2025-10-14","2025-10-16",,"1",,"8735193655","5631394263","10735166219","0e8c1430-6d38-46a0-9137-43684d0fe667","Return","8735193655","1720802514","1","100090801784","OPEN_BOX_PICKUP","Received a completely different product","DLS","MYEP1086432798","MYSR1162065583",,"2025-11-03 15:47:51.000",,,,
"31995","50622","PEAXKASS112050605","PEEN-26001-M","34858705","112050605","PEENGAX","2025-10-04","2025-10-07",,"2025-10-10","2025-10-12","2025-10-14",,"1",,"8733730407","5630554418","10733699077","e72f20e9-4e5f-4063-a0d4-6bec6230c3a1","Return","8733730407","1720802408","1","100090135529","OPEN_BOX_PICKUP","I did not like the fit","DLS","MYSP1304220737","MYSR1161568409",,"2025-11-06 14:35:29.000",,,,
"31995","50622","PEAXCOORD118962405","PEEN- 502- S","37191993","118962405","PEENGAX","2025-10-03","2025-10-05",,"2025-10-08","2025-10-08","2025-10-08",,"1",,"8730319998","5628506752","10730278824","a6384639-2dfa-4452-ab79-577519fa411a","Return","8730319998","1718776269","1","100088218326","OPEN_BOX_PICKUP","Product image was better than the actual product","RL","MYEP1085994210","R1309373527F",,,,,,
"31995","50622","PEAXSARS113624861","PEEN- ANGRAKHA- 2303","35465391","113624861","PEENGAX","2025-10-04","2025-10-08",,,"1970-01-01",,"2025-10-10",,,"8732872553","5630044207","10732837734","85848f70-0e94-407f-aa50-19c26338554a","RTO","8732872553","1720802362","1",,,,,"MYSC1217304090",,,"2025-10-16 16:06:56.000",,,,
"31995","50622","PEAXSARS117158425","PEEN- KALYANI SILK- 103","36644579","117158425","PEENGAX","2025-10-12","2025-10-14",,,"1970-01-01",,"2025-10-24",,,"8751617645","5641584421","10751656807","eae10c32-cba2-4fb4-beb3-56e8195e28f1","RTO","8751617645","1725737342","1",,,,,"MYSP1307970284",,,"2025-10-31 14:12:43.000",,,,
"31995","50622","PEAXKASS112050462","PEEN-26003-S","34858673","112050462","PEENGAX","2025-10-08","2025-10-10",,,"1970-01-01",,"2025-10-11",,,"8743380671","5636480591","10743385227","5befb0ca-158a-4731-8bfa-10885b43ff7a","RTO","8743380671","1722848309","1",,,,,"MYSP1305891524",,,"2025-10-29 14:41:00.000",,,,
"31995","50622","PEAXKASS112050539","PEEN-26002-S","34858690","112050539","PEENGAX","2025-10-09",,,,"1970-01-01",,"2025-10-09",,,"8743695888","5636675538","10743700445","3d22c85d-6b8d-4e80-82d2-aa63387c1dc2","RTO","8743695888","1722848313","1",,,,,"MYSC1218476558",,,"2025-10-14 15:23:48.000",,,,
"31995","50622","PEAXSARS117162946","RP- AQUA SILK- 524","36646507","117162946","PEENGAX","2025-10-05","2025-10-07",,"2025-10-10","2025-10-20","2025-10-21",,"1",,"8735034266","5631297932","10735006457","0c6b1bc9-77a0-42e1-a3f4-1be8682bff83","Return","8735034266","1720802462","1","100092960521","OPEN_BOX_PICKUP","Generic Return Reason","DLS","MYEP1086432713","MYSR1163631305",,"2025-10-31 14:12:43.000",,,,
"31995","50622","PEAXSARS117162957","RP- VRUNDAVAN SILK- 473","36646518","117162957","PEENGAX","2025-09-28","2025-09-30",,"2025-10-04","2025-10-06","2025-10-07",,"1",,"8718839338","5621603692","10718781556","5ac5ffa1-52d1-452b-b49e-47dd42700dd4","Return","8718839338","1714192451","1","100087522450","OPEN_BOX_PICKUP","Size too small","DLS","MYSP1299607821","MYSR1159611245",,"2025-10-16 16:06:56.000",,,,
"31995","50622","PEAXKASS112266022","PEEN-32001-L","34934710","112266022","PEENGAX","2025-09-27","2025-09-30",,"2025-10-03","2025-10-04","2025-10-04",,"1","8732297684","8714684032","5619301525","10714623782","2d7481e0-9138-4559-9c1d-e30971a9eced","Return","8714684032","1714192472","1","100086340982","OPEN_BOX_PICKUP","Generic Return Reason","DLS","MYSP1299608816","MYSR1158731933",,"2025-10-17 14:21:02.000",,,,
"31995","50622","PEAXKASS112050441","PEEN-22001-XL","34858667","112050441","PEENGAX","2025-10-04","2025-10-08",,"2025-10-10","2025-10-11","2025-10-11",,"1",,"8734286377","5630866464","10734255071","7aecf6c5-f9d6-4c11-b1f7-b0d076a4c90d","Return","8734286377","1720802520","1","100089496233","OPEN_BOX_PICKUP","Received a poor quality product","DLS","MYSP1304214950","MYSR1161097557",,"2025-10-30 14:47:24.000",,,,
"31995","50622","PEAXSARS117162952","RP- VRUNDAVAN SILK- 471","36646513","117162952","PEENGAX","2025-09-30","2025-10-01",,,"1970-01-01",,"2025-10-06",,,"8723195732","5624205754","10723144216","7a645c78-6063-4a47-b155-ba2598c61076","RTO","8723195732","1716134642","1",,,,,"MYEC1068030013",,,"2025-10-13 13:56:18.000",,,,
"31995","50622","PEAXSARS114805950","PEEN- RANGAT- 7903","35910584","114805950","PEENGAX","2025-10-15","2025-10-15",,"2025-10-18","2025-10-18","2025-10-19",,"1",,"8756622677","5644648077","10756685888","211875fd-54dd-4efb-bf8c-7908a0fa9bc3","Return","8756622677","1727125855","1","100092522141","OPEN_BOX_PICKUP","I did not like the fit","DLS","MYSC1220776359","MYSR1163318930",,"2025-11-10 16:56:28.000",,,,
"31995","50622","PEAXKASS112444107","PEEN- 2039- S","35001348","112444107","PEENGAX","2025-10-09","2025-10-09",,"2025-10-11","2025-10-13","2025-10-13",,"1",,"8743588562","5636610527","10743593119","098f2865-dfeb-4344-9fd2-4620c57b5bc6","Return","8743588562","1722848296","1","100090312700","OPEN_BOX_PICKUP","Size too small","DLS","MYSP1305891233","MYSR1161703710",,"2025-10-29 14:41:00.000",,,,
"31995","50622","PEAXKASS112050420","PEEN-25001- XL","34858663","112050420","PEENGAX","2025-10-05","2025-10-07",,"2025-10-12","2025-10-13","2025-10-16",,"1",,"8737775552","5632804531","10737752650","f8674f4a-5dfe-4a51-b52e-6a6a404fb74d","Return","8737775552","1720802371","1","100090711536","OPEN_BOX_PICKUP","I do not need it anymore","DLS","MYEP1086435265","MYSR1161997844",,"2025-11-10 16:56:28.000",,,,
"31995","50622","PEAXKASS112050540","PEEN-26002-M","34858690","112050540","PEENGAX","2025-09-23","2025-09-24",,"2025-10-03","2025-10-05","2025-10-07",,"1",,"8700300858","5611172042","10700231158","820ba446-bd24-496d-ae1e-926374ba3b5e","Return","8700300858","1706424518","1","100086821063","OPEN_BOX_PICKUP","I did not like the fit","RL","5965317752052","5965355744891",,,,,,
"31995","50622","PEAXKASS112050439","PEEN-22001-L","34858667","112050439","PEENGAX","2025-09-19","2025-09-21",,,"1970-01-01",,"2025-10-01",,,"8682956938","5602420448","10682883948","58ffc2ef-a637-4d0e-8ddf-23c1b104c039","RTO","8682956938","1702678962","1",,,,,"MYSP1292176696",,,"2025-10-13 18:40:10.000",,,,
"31995","50622","PEAXKASS112050539","PEEN-26002-S","34858690","112050539","PEENGAX","2025-10-09","2025-10-09",,"2025-10-12","2025-10-15","2025-10-15",,"1",,"8743696187","5636675716","10743700744","8fb07c30-d611-4f4f-bf4a-cd3665ff8c21","Return","8743696187","1722848305","1","100091125069","OPEN_BOX_PICKUP","Size too small","DLS","MYSP1305888768","MYSR1162303201",,"2025-11-03 15:47:51.000",,,,
"31995","50622","PEAXKASS112050606","PEEN-26001-L","34858705","112050606","PEENGAX","2025-10-09","2025-10-10",,"2025-10-13","2025-10-13","2025-10-14",,"1",,"8743647993","5636646961","10743652550","d34bd00b-4cf6-4c25-929b-f188cae131a1","Return","8743647993","1722848269","1","100090621183","OPEN_BOX_PICKUP","Color is different","DLS","MYSP1305895076","MYSR1161929279",,"2025-11-06 14:35:29.000",,,,
"31995","50622","PEAXSARS117152688","PEEN- NOOR SILK- 507","36642924","117152688","PEENGAX","2025-09-27","2025-09-28",,,"1970-01-01",,"2025-10-05",,,"8713111651","5618399553","10713049046","f9a7f572-4b49-4317-bbd0-3b4b2ce3d87a","RTO","8713111651","1711713879","1",,,,,"MYEC1067211709",,,"2025-10-16 13:26:56.000",,,,
"31995","50622","PEAXKASS113784540","PEEN- 2094- L","35524159","113784540","PEENGAX","2025-10-08",,,,"1970-01-01",,"2025-10-08",,,"8741866321","5635476940","10741861399","bf00d025-8ddb-489c-bdc0-d8ff2a68892a","RTO","9788220795","1722180917","1",,,,,"MYSC1218095969",,,"2025-10-13 18:40:10.000",,,,
"31995","50622","PEAXSARS117158402","PEEN- NOOR SILK- 501","36644558","117158402","PEENGAX","2025-10-15","2025-10-16",,,"1970-01-01",,"2025-10-27",,,"8756624162","5644649035","10756687405","890725be-c86e-4e77-8569-9abd0d6e7cde","RTO","8756624162","1727125860","1",,,,,"SF1858975228F",,,"2025-11-15 13:59:14.000",,,,
"31995","50622","PEAXSARS114649219","PEEN- RAMLILA- 5201","35859073","114649219","PEENGAX","2025-09-27","2025-09-27",,"2025-10-01","2025-10-07","2025-10-07",,"1",,"8713348077","5618539234","10713286708","fb947872-ee77-493a-8792-dcca93b06713","Return","8713348077","1711713871","1","100087661261","OPEN_BOX_PICKUP","Product image was better than the actual product","DLS","MYSP1297983629","MYSR1159722039",,"2025-10-29 14:41:00.000",,,,
"31995","50622","PEAXKASS112050462","PEEN-26003-S","34858673","112050462","PEENGAX","2025-10-08","2025-10-10",,"2025-10-13","2025-10-18","2025-10-19",,"1",,"8743225712","5636381197","10743230268","8d7dc010-090b-40e7-901b-0da94fe95ac5","Return","8743225712","1722848228","1","100092454191","OPEN_BOX_PICKUP","Size too small","DLS","MYSP1305889952","MYSR1163269111",,"2025-11-11 15:12:11.000",,,,
"31995","50622","PEAXKASS112266041","PEEN-43002-L","34934717","112266041","PEENGAX","2025-10-02","2025-10-04",,"2025-10-07","2025-10-11","2025-10-14",,"1",,"8727682773","5626948377","10727636849","18dd21cc-6477-4a8c-ae86-bdb3db103f46","Return","8727682773","1717835294","1","100089561073","OPEN_BOX_PICKUP","I did not like the fit","DLS","MYSC1215751126","MYSR1161144519",,"2025-11-03 15:47:51.000",,,,
"31995","50622","PEAXKASS112050416","PEEN-27001-XXL","34858662","112050416","PEENGAX","2025-10-03","2025-10-08",,"2025-10-10","2025-10-12","2025-10-13",,"1",,"8729590148","5628051468","10729546361","7ec37d2d-2b68-44b1-b802-69e7f8d204e5","Return","8729590148","1717835332","1","100090108729","OPEN_BOX_PICKUP","Received a completely different product","DLS","MYSP1302035156","MYSR1161547389",,"2025-11-06 14:35:29.000",,,,
"31995","50622","PEAXCOORD118962409","PEEN- 502- XXL","37191993","118962409","PEENGAX","2025-10-03","2025-10-05",,"2025-10-07","2025-10-08","2025-10-10",,"1",,"8730477603","5628604770","10730439284","e343c882-480d-4476-91d5-01cfe2ea3d20","Return","8730477603","1718776251","1","100088157617","OPEN_BOX_PICKUP","Size too small","DLS","MYSP1302724571","MYSR1160091838",,"2025-10-16 16:06:56.000",,,,
"31995","50622","PEAXKASS112050604","PEEN-26001-S","34858705","112050604","PEENGAX","2025-10-05","2025-10-08",,"2025-10-10","2025-10-13","2025-10-13",,"1",,"8737882172","5632849235","10737859270","0ba3103b-ac2e-4b68-95a5-11b3e532031a","Return","8737882172","1720802348","1","100090335405","OPEN_BOX_PICKUP","I did not like the fit","DLS","MYSC1217301014","MYSR1161721637",,"2025-10-29 14:41:00.000",,,,
"31995","50622","PEAXKASS113784542","PEEN- 2094- XXL","35524159","113784542","PEENGAX","2025-09-28","2025-09-30",,"2025-10-04","2025-10-04","2025-10-08",,"1",,"8717646549","5620969215","10717588775","59cdf2bc-babd-4ac8-b5d7-864c7bfd5075","Return","8717646549","1714192464","1","100086547627","OPEN_BOX_PICKUP","Product image was better than the actual product","DLS","MYEP1085028522","MYSR1158882898",,"2025-11-06 14:35:29.000",,,,
"31995","50622","PEAXSARS113565618","PEEN- KIMORA- 1903","35448054","113565618","PEENGAX","2025-09-23","2025-09-25",,"2025-09-29","2025-10-02","2025-10-03",,"1",,"8702260386","5612278866","10702191449","66c0dd55-bdfa-4820-ae9b-b9dcefb66458","Return","9776449565","1707783412","1","100085716143","OPEN_BOX_PICKUP","Received a poor quality product","DLS","MYEC1066512209","MYSR1158270465",,"2025-10-14 15:23:48.000",,,,
"31995","50622","PEAXSARS117162946","RP- AQUA SILK- 524","36646507","117162946","PEENGAX","2025-10-13","2025-10-15",,"2025-10-22","2025-10-22","2025-10-23",,"1",,"8753116339","5642469896","10753160316","76f1da8e-dc56-4581-8066-4202391d0f1c","Return","8753116339","1726458648","1","100093561787","OPEN_BOX_PICKUP","Product image was better than the actual product","DLS","MYSP1308506118","MYSR1164053913",,"2025-11-03 15:47:51.000",,,,
"31995","50622","PEAXKASS112050462","PEEN-26003-S","34858673","112050462","PEENGAX","2025-09-30","2025-10-01",,"2025-10-06","2025-10-07","2025-10-07",,"1",,"8724097053","5624752116","10724045524","8b409e12-00bb-444c-908a-9a309708965b","Return","8724097053","1716134676","1","100087686775","OPEN_BOX_PICKUP","Size too big","DLS","MYSC1214930773","MYSR1159741318",,"2025-10-18 17:49:28.000",,,,
"31995","50622","PEAXSARS119255825","PEEN- DURGA EDITION- 19005","37292416","119255825","PEENGAX","2025-10-11","2025-10-14",,"2025-10-17","2025-10-17","2025-10-18",,"1",,"8749275093","5640187694","10749304975","24025e2e-c482-49ca-8fb8-32994e4cd9d9","Return","8749275093","1725737306","1","100092042279","OPEN_BOX_PICKUP","Product image was better than the actual product","DLS","MYSC1220006862","MYSR1162972818",,"2025-11-13 15:33:02.000",,,,
